name,description,image,external_url,serial,message,date,creator
Team Buidling,goodbye rick,image.png,ipfs://QmeJX8KSLSjRWqStTNbgfaoTNpPysrYPV9P1zn6FjVU1uk,1,goodbye rick,31-Mar-2023,yukapi
Team Buidling,goodbye rick,image.png,ipfs://QmeJX8KSLSjRWqStTNbgfaoTNpPysrYPV9P1zn6FjVU1uk,2,goodbye rick,31-Mar-2023,yukapi
Team Buidling,goodbye rick,image.png,ipfs://QmeJX8KSLSjRWqStTNbgfaoTNpPysrYPV9P1zn6FjVU1uk,3,goodbye rick,31-Mar-2023,yukapi
Team Buidling,goodbye rick,image.png,ipfs://QmeJX8KSLSjRWqStTNbgfaoTNpPysrYPV9P1zn6FjVU1uk,4,goodbye rick,31-Mar-2023,yukapi
Team Buidling,goodbye rick,image.png,ipfs://QmeJX8KSLSjRWqStTNbgfaoTNpPysrYPV9P1zn6FjVU1uk,5,goodbye rick,31-Mar-2023,yukapi
Team Buidling,goodbye rick,image.png,ipfs://QmeJX8KSLSjRWqStTNbgfaoTNpPysrYPV9P1zn6FjVU1uk,6,goodbye rick,31-Mar-2023,yukapi
Team Buidling,goodbye rick,image.png,ipfs://QmeJX8KSLSjRWqStTNbgfaoTNpPysrYPV9P1zn6FjVU1uk,7,goodbye rick,31-Mar-2023,yukapi
Team Buidling,goodbye rick,image.png,ipfs://QmeJX8KSLSjRWqStTNbgfaoTNpPysrYPV9P1zn6FjVU1uk,8,goodbye rick,31-Mar-2023,yukapi
Team Buidling,goodbye rick,image.png,ipfs://QmeJX8KSLSjRWqStTNbgfaoTNpPysrYPV9P1zn6FjVU1uk,9,goodbye rick,31-Mar-2023,yukapi
Team Buidling,goodbye rick,image.png,ipfs://QmeJX8KSLSjRWqStTNbgfaoTNpPysrYPV9P1zn6FjVU1uk,10,goodbye rick,31-Mar-2023,yukapi
Team Buidling,goodbye rick,image.png,ipfs://QmeJX8KSLSjRWqStTNbgfaoTNpPysrYPV9P1zn6FjVU1uk,11,goodbye rick,31-Mar-2023,yukapi
Team Buidling,goodbye rick,image.png,ipfs://QmeJX8KSLSjRWqStTNbgfaoTNpPysrYPV9P1zn6FjVU1uk,12,goodbye rick,31-Mar-2023,yukapi
Team Buidling,goodbye rick,image.png,ipfs://QmeJX8KSLSjRWqStTNbgfaoTNpPysrYPV9P1zn6FjVU1uk,13,goodbye rick,31-Mar-2023,yukapi
Team Buidling,goodbye rick,image.png,ipfs://QmeJX8KSLSjRWqStTNbgfaoTNpPysrYPV9P1zn6FjVU1uk,14,goodbye rick,31-Mar-2023,yukapi
Team Buidling,goodbye rick,image.png,ipfs://QmeJX8KSLSjRWqStTNbgfaoTNpPysrYPV9P1zn6FjVU1uk,15,goodbye rick,31-Mar-2023,yukapi
Team Buidling,goodbye rick,image.png,ipfs://QmeJX8KSLSjRWqStTNbgfaoTNpPysrYPV9P1zn6FjVU1uk,16,goodbye rick,31-Mar-2023,yukapi
Team Buidling,goodbye rick,image.png,ipfs://QmeJX8KSLSjRWqStTNbgfaoTNpPysrYPV9P1zn6FjVU1uk,17,goodbye rick,31-Mar-2023,yukapi
Team Buidling,goodbye rick,image.png,ipfs://QmeJX8KSLSjRWqStTNbgfaoTNpPysrYPV9P1zn6FjVU1uk,18,goodbye rick,31-Mar-2023,yukapi
Team Buidling,goodbye rick,image.png,ipfs://QmeJX8KSLSjRWqStTNbgfaoTNpPysrYPV9P1zn6FjVU1uk,19,goodbye rick,31-Mar-2023,yukapi
Team Buidling,goodbye rick,image.png,ipfs://QmeJX8KSLSjRWqStTNbgfaoTNpPysrYPV9P1zn6FjVU1uk,20,goodbye rick,31-Mar-2023,yukapi
Team Buidling,goodbye rick,image.png,ipfs://QmeJX8KSLSjRWqStTNbgfaoTNpPysrYPV9P1zn6FjVU1uk,21,goodbye rick,31-Mar-2023,yukapi
Team Buidling,goodbye rick,image.png,ipfs://QmeJX8KSLSjRWqStTNbgfaoTNpPysrYPV9P1zn6FjVU1uk,22,goodbye rick,31-Mar-2023,yukapi
Team Buidling,goodbye rick,image.png,ipfs://QmeJX8KSLSjRWqStTNbgfaoTNpPysrYPV9P1zn6FjVU1uk,23,goodbye rick,31-Mar-2023,yukapi
Team Buidling,goodbye rick,image.png,ipfs://QmeJX8KSLSjRWqStTNbgfaoTNpPysrYPV9P1zn6FjVU1uk,24,goodbye rick,31-Mar-2023,yukapi
Team Buidling,goodbye rick,image.png,ipfs://QmeJX8KSLSjRWqStTNbgfaoTNpPysrYPV9P1zn6FjVU1uk,25,goodbye rick,31-Mar-2023,yukapi
Team Buidling,goodbye rick,image.png,ipfs://QmeJX8KSLSjRWqStTNbgfaoTNpPysrYPV9P1zn6FjVU1uk,26,goodbye rick,31-Mar-2023,yukapi
Team Buidling,goodbye rick,image.png,ipfs://QmeJX8KSLSjRWqStTNbgfaoTNpPysrYPV9P1zn6FjVU1uk,27,goodbye rick,31-Mar-2023,yukapi
Team Buidling,goodbye rick,image.png,ipfs://QmeJX8KSLSjRWqStTNbgfaoTNpPysrYPV9P1zn6FjVU1uk,28,goodbye rick,31-Mar-2023,yukapi
Team Buidling,goodbye rick,image.png,ipfs://QmeJX8KSLSjRWqStTNbgfaoTNpPysrYPV9P1zn6FjVU1uk,29,goodbye rick,31-Mar-2023,yukapi
Team Buidling,goodbye rick,image.png,ipfs://QmeJX8KSLSjRWqStTNbgfaoTNpPysrYPV9P1zn6FjVU1uk,30,goodbye rick,31-Mar-2023,yukapi
Team Buidling,goodbye rick,image.png,ipfs://QmeJX8KSLSjRWqStTNbgfaoTNpPysrYPV9P1zn6FjVU1uk,31,goodbye rick,31-Mar-2023,yukapi
Team Buidling,goodbye rick,image.png,ipfs://QmeJX8KSLSjRWqStTNbgfaoTNpPysrYPV9P1zn6FjVU1uk,32,goodbye rick,31-Mar-2023,yukapi
Team Buidling,goodbye rick,image.png,ipfs://QmeJX8KSLSjRWqStTNbgfaoTNpPysrYPV9P1zn6FjVU1uk,33,goodbye rick,31-Mar-2023,yukapi
Team Buidling,goodbye rick,image.png,ipfs://QmeJX8KSLSjRWqStTNbgfaoTNpPysrYPV9P1zn6FjVU1uk,34,goodbye rick,31-Mar-2023,yukapi
Team Buidling,goodbye rick,image.png,ipfs://QmeJX8KSLSjRWqStTNbgfaoTNpPysrYPV9P1zn6FjVU1uk,35,goodbye rick,31-Mar-2023,yukapi
Team Buidling,goodbye rick,image.png,ipfs://QmeJX8KSLSjRWqStTNbgfaoTNpPysrYPV9P1zn6FjVU1uk,36,goodbye rick,31-Mar-2023,yukapi
Team Buidling,goodbye rick,image.png,ipfs://QmeJX8KSLSjRWqStTNbgfaoTNpPysrYPV9P1zn6FjVU1uk,37,goodbye rick,31-Mar-2023,yukapi
Team Buidling,goodbye rick,image.png,ipfs://QmeJX8KSLSjRWqStTNbgfaoTNpPysrYPV9P1zn6FjVU1uk,38,goodbye rick,31-Mar-2023,yukapi
Team Buidling,goodbye rick,image.png,ipfs://QmeJX8KSLSjRWqStTNbgfaoTNpPysrYPV9P1zn6FjVU1uk,39,goodbye rick,31-Mar-2023,yukapi
Team Buidling,goodbye rick,image.png,ipfs://QmeJX8KSLSjRWqStTNbgfaoTNpPysrYPV9P1zn6FjVU1uk,40,goodbye rick,31-Mar-2023,yukapi
Team Buidling,goodbye rick,image.png,ipfs://QmeJX8KSLSjRWqStTNbgfaoTNpPysrYPV9P1zn6FjVU1uk,41,goodbye rick,31-Mar-2023,yukapi
Team Buidling,goodbye rick,image.png,ipfs://QmeJX8KSLSjRWqStTNbgfaoTNpPysrYPV9P1zn6FjVU1uk,42,goodbye rick,31-Mar-2023,yukapi
Team Buidling,goodbye rick,image.png,ipfs://QmeJX8KSLSjRWqStTNbgfaoTNpPysrYPV9P1zn6FjVU1uk,43,goodbye rick,31-Mar-2023,yukapi
Team Buidling,goodbye rick,image.png,ipfs://QmeJX8KSLSjRWqStTNbgfaoTNpPysrYPV9P1zn6FjVU1uk,44,goodbye rick,31-Mar-2023,yukapi
Team Buidling,goodbye rick,image.png,ipfs://QmeJX8KSLSjRWqStTNbgfaoTNpPysrYPV9P1zn6FjVU1uk,45,goodbye rick,31-Mar-2023,yukapi
Team Buidling,goodbye rick,image.png,ipfs://QmeJX8KSLSjRWqStTNbgfaoTNpPysrYPV9P1zn6FjVU1uk,46,goodbye rick,31-Mar-2023,yukapi
Team Buidling,goodbye rick,image.png,ipfs://QmeJX8KSLSjRWqStTNbgfaoTNpPysrYPV9P1zn6FjVU1uk,47,goodbye rick,31-Mar-2023,yukapi
Team Buidling,goodbye rick,image.png,ipfs://QmeJX8KSLSjRWqStTNbgfaoTNpPysrYPV9P1zn6FjVU1uk,48,goodbye rick,31-Mar-2023,yukapi
Team Buidling,goodbye rick,image.png,ipfs://QmeJX8KSLSjRWqStTNbgfaoTNpPysrYPV9P1zn6FjVU1uk,49,goodbye rick,31-Mar-2023,yukapi
Team Buidling,goodbye rick,image.png,ipfs://QmeJX8KSLSjRWqStTNbgfaoTNpPysrYPV9P1zn6FjVU1uk,50,goodbye rick,31-Mar-2023,yukapi
Team Buidling,goodbye rick,image.png,ipfs://QmeJX8KSLSjRWqStTNbgfaoTNpPysrYPV9P1zn6FjVU1uk,51,goodbye rick,31-Mar-2023,yukapi
Team Buidling,goodbye rick,image.png,ipfs://QmeJX8KSLSjRWqStTNbgfaoTNpPysrYPV9P1zn6FjVU1uk,52,goodbye rick,31-Mar-2023,yukapi
Team Buidling,goodbye rick,image.png,ipfs://QmeJX8KSLSjRWqStTNbgfaoTNpPysrYPV9P1zn6FjVU1uk,53,goodbye rick,31-Mar-2023,yukapi
Team Buidling,goodbye rick,image.png,ipfs://QmeJX8KSLSjRWqStTNbgfaoTNpPysrYPV9P1zn6FjVU1uk,54,goodbye rick,31-Mar-2023,yukapi
Team Buidling,goodbye rick,image.png,ipfs://QmeJX8KSLSjRWqStTNbgfaoTNpPysrYPV9P1zn6FjVU1uk,55,goodbye rick,31-Mar-2023,yukapi
Team Buidling,goodbye rick,image.png,ipfs://QmeJX8KSLSjRWqStTNbgfaoTNpPysrYPV9P1zn6FjVU1uk,56,goodbye rick,31-Mar-2023,yukapi
Team Buidling,goodbye rick,image.png,ipfs://QmeJX8KSLSjRWqStTNbgfaoTNpPysrYPV9P1zn6FjVU1uk,57,goodbye rick,31-Mar-2023,yukapi
Team Buidling,goodbye rick,image.png,ipfs://QmeJX8KSLSjRWqStTNbgfaoTNpPysrYPV9P1zn6FjVU1uk,58,goodbye rick,31-Mar-2023,yukapi
Team Buidling,goodbye rick,image.png,ipfs://QmeJX8KSLSjRWqStTNbgfaoTNpPysrYPV9P1zn6FjVU1uk,59,goodbye rick,31-Mar-2023,yukapi
Team Buidling,goodbye rick,image.png,ipfs://QmeJX8KSLSjRWqStTNbgfaoTNpPysrYPV9P1zn6FjVU1uk,60,goodbye rick,31-Mar-2023,yukapi
Team Buidling,goodbye rick,image.png,ipfs://QmeJX8KSLSjRWqStTNbgfaoTNpPysrYPV9P1zn6FjVU1uk,61,goodbye rick,31-Mar-2023,yukapi
Team Buidling,goodbye rick,image.png,ipfs://QmeJX8KSLSjRWqStTNbgfaoTNpPysrYPV9P1zn6FjVU1uk,62,goodbye rick,31-Mar-2023,yukapi
Team Buidling,goodbye rick,image.png,ipfs://QmeJX8KSLSjRWqStTNbgfaoTNpPysrYPV9P1zn6FjVU1uk,63,goodbye rick,31-Mar-2023,yukapi
Team Buidling,goodbye rick,image.png,ipfs://QmeJX8KSLSjRWqStTNbgfaoTNpPysrYPV9P1zn6FjVU1uk,64,goodbye rick,31-Mar-2023,yukapi
Team Buidling,goodbye rick,image.png,ipfs://QmeJX8KSLSjRWqStTNbgfaoTNpPysrYPV9P1zn6FjVU1uk,65,goodbye rick,31-Mar-2023,yukapi
Team Buidling,goodbye rick,image.png,ipfs://QmeJX8KSLSjRWqStTNbgfaoTNpPysrYPV9P1zn6FjVU1uk,66,goodbye rick,31-Mar-2023,yukapi
Team Buidling,goodbye rick,image.png,ipfs://QmeJX8KSLSjRWqStTNbgfaoTNpPysrYPV9P1zn6FjVU1uk,67,goodbye rick,31-Mar-2023,yukapi
Team Buidling,goodbye rick,image.png,ipfs://QmeJX8KSLSjRWqStTNbgfaoTNpPysrYPV9P1zn6FjVU1uk,68,goodbye rick,31-Mar-2023,yukapi
Team Buidling,goodbye rick,image.png,ipfs://QmeJX8KSLSjRWqStTNbgfaoTNpPysrYPV9P1zn6FjVU1uk,69,goodbye rick,31-Mar-2023,yukapi
Team Buidling,goodbye rick,image.png,ipfs://QmeJX8KSLSjRWqStTNbgfaoTNpPysrYPV9P1zn6FjVU1uk,70,goodbye rick,31-Mar-2023,yukapi
Team Buidling,goodbye rick,image.png,ipfs://QmeJX8KSLSjRWqStTNbgfaoTNpPysrYPV9P1zn6FjVU1uk,71,goodbye rick,31-Mar-2023,yukapi
Team Buidling,goodbye rick,image.png,ipfs://QmeJX8KSLSjRWqStTNbgfaoTNpPysrYPV9P1zn6FjVU1uk,72,goodbye rick,31-Mar-2023,yukapi
Team Buidling,goodbye rick,image.png,ipfs://QmeJX8KSLSjRWqStTNbgfaoTNpPysrYPV9P1zn6FjVU1uk,73,goodbye rick,31-Mar-2023,yukapi
Team Buidling,goodbye rick,image.png,ipfs://QmeJX8KSLSjRWqStTNbgfaoTNpPysrYPV9P1zn6FjVU1uk,74,goodbye rick,31-Mar-2023,yukapi
Team Buidling,goodbye rick,image.png,ipfs://QmeJX8KSLSjRWqStTNbgfaoTNpPysrYPV9P1zn6FjVU1uk,75,goodbye rick,31-Mar-2023,yukapi
Team Buidling,goodbye rick,image.png,ipfs://QmeJX8KSLSjRWqStTNbgfaoTNpPysrYPV9P1zn6FjVU1uk,76,goodbye rick,31-Mar-2023,yukapi
Team Buidling,goodbye rick,image.png,ipfs://QmeJX8KSLSjRWqStTNbgfaoTNpPysrYPV9P1zn6FjVU1uk,77,goodbye rick,31-Mar-2023,yukapi
Team Buidling,goodbye rick,image.png,ipfs://QmeJX8KSLSjRWqStTNbgfaoTNpPysrYPV9P1zn6FjVU1uk,78,goodbye rick,31-Mar-2023,yukapi
Team Buidling,goodbye rick,image.png,ipfs://QmeJX8KSLSjRWqStTNbgfaoTNpPysrYPV9P1zn6FjVU1uk,79,goodbye rick,31-Mar-2023,yukapi
Team Buidling,goodbye rick,image.png,ipfs://QmeJX8KSLSjRWqStTNbgfaoTNpPysrYPV9P1zn6FjVU1uk,80,goodbye rick,31-Mar-2023,yukapi
Team Buidling,goodbye rick,image.png,ipfs://QmeJX8KSLSjRWqStTNbgfaoTNpPysrYPV9P1zn6FjVU1uk,81,goodbye rick,31-Mar-2023,yukapi
Team Buidling,goodbye rick,image.png,ipfs://QmeJX8KSLSjRWqStTNbgfaoTNpPysrYPV9P1zn6FjVU1uk,82,goodbye rick,31-Mar-2023,yukapi
Team Buidling,goodbye rick,image.png,ipfs://QmeJX8KSLSjRWqStTNbgfaoTNpPysrYPV9P1zn6FjVU1uk,83,goodbye rick,31-Mar-2023,yukapi
Team Buidling,goodbye rick,image.png,ipfs://QmeJX8KSLSjRWqStTNbgfaoTNpPysrYPV9P1zn6FjVU1uk,84,goodbye rick,31-Mar-2023,yukapi
Team Buidling,goodbye rick,image.png,ipfs://QmeJX8KSLSjRWqStTNbgfaoTNpPysrYPV9P1zn6FjVU1uk,85,goodbye rick,31-Mar-2023,yukapi
Team Buidling,goodbye rick,image.png,ipfs://QmeJX8KSLSjRWqStTNbgfaoTNpPysrYPV9P1zn6FjVU1uk,86,goodbye rick,31-Mar-2023,yukapi
Team Buidling,goodbye rick,image.png,ipfs://QmeJX8KSLSjRWqStTNbgfaoTNpPysrYPV9P1zn6FjVU1uk,87,goodbye rick,31-Mar-2023,yukapi
Team Buidling,goodbye rick,image.png,ipfs://QmeJX8KSLSjRWqStTNbgfaoTNpPysrYPV9P1zn6FjVU1uk,88,goodbye rick,31-Mar-2023,yukapi
Team Buidling,goodbye rick,image.png,ipfs://QmeJX8KSLSjRWqStTNbgfaoTNpPysrYPV9P1zn6FjVU1uk,89,goodbye rick,31-Mar-2023,yukapi
Team Buidling,goodbye rick,image.png,ipfs://QmeJX8KSLSjRWqStTNbgfaoTNpPysrYPV9P1zn6FjVU1uk,90,goodbye rick,31-Mar-2023,yukapi
Team Buidling,goodbye rick,image.png,ipfs://QmeJX8KSLSjRWqStTNbgfaoTNpPysrYPV9P1zn6FjVU1uk,91,goodbye rick,31-Mar-2023,yukapi
Team Buidling,goodbye rick,image.png,ipfs://QmeJX8KSLSjRWqStTNbgfaoTNpPysrYPV9P1zn6FjVU1uk,92,goodbye rick,31-Mar-2023,yukapi
Team Buidling,goodbye rick,image.png,ipfs://QmeJX8KSLSjRWqStTNbgfaoTNpPysrYPV9P1zn6FjVU1uk,93,goodbye rick,31-Mar-2023,yukapi
Team Buidling,goodbye rick,image.png,ipfs://QmeJX8KSLSjRWqStTNbgfaoTNpPysrYPV9P1zn6FjVU1uk,94,goodbye rick,31-Mar-2023,yukapi
Team Buidling,goodbye rick,image.png,ipfs://QmeJX8KSLSjRWqStTNbgfaoTNpPysrYPV9P1zn6FjVU1uk,95,goodbye rick,31-Mar-2023,yukapi
Team Buidling,goodbye rick,image.png,ipfs://QmeJX8KSLSjRWqStTNbgfaoTNpPysrYPV9P1zn6FjVU1uk,96,goodbye rick,31-Mar-2023,yukapi
Team Buidling,goodbye rick,image.png,ipfs://QmeJX8KSLSjRWqStTNbgfaoTNpPysrYPV9P1zn6FjVU1uk,97,goodbye rick,31-Mar-2023,yukapi
Team Buidling,goodbye rick,image.png,ipfs://QmeJX8KSLSjRWqStTNbgfaoTNpPysrYPV9P1zn6FjVU1uk,98,goodbye rick,31-Mar-2023,yukapi
Team Buidling,goodbye rick,image.png,ipfs://QmeJX8KSLSjRWqStTNbgfaoTNpPysrYPV9P1zn6FjVU1uk,99,goodbye rick,31-Mar-2023,yukapi
Team Buidling,goodbye rick,image.png,ipfs://QmeJX8KSLSjRWqStTNbgfaoTNpPysrYPV9P1zn6FjVU1uk,100,goodbye rick,31-Mar-2023,yukapi